C:/AlliedRecording/wyswietlacz/wyswietlacz_80/Right/2022_04_27_15_22_18_484_wyswietlacz_80_Right.jpg,259,273,357,364
C:/AlliedRecording/wyswietlacz/wyswietlacz_80/Right/2022_04_27_15_22_22_803_wyswietlacz_80_Right.jpg,261,272,355,368
C:/AlliedRecording/wyswietlacz/wyswietlacz_80/Right/2022_04_27_15_22_29_980_wyswietlacz_80_Right.jpg,250,287,344,387
C:/AlliedRecording/wyswietlacz/wyswietlacz_80/Right/2022_04_27_15_22_35_133_wyswietlacz_80_Right.jpg,231,282,326,368
C:/AlliedRecording/wyswietlacz/wyswietlacz_80/Right/2022_04_27_15_22_38_953_wyswietlacz_80_Right.jpg,226,278,311,391
C:/AlliedRecording/wyswietlacz/wyswietlacz_80/Right/2022_04_27_15_22_44_052_wyswietlacz_80_Right.jpg,228,273,291,378
C:/AlliedRecording/wyswietlacz/wyswietlacz_80/Right/2022_04_27_15_22_48_028_wyswietlacz_80_Right.jpg,202,292,301,365
C:/AlliedRecording/wyswietlacz/wyswietlacz_80/Right/2022_04_27_15_22_53_035_wyswietlacz_80_Right.jpg,230,264,289,369
C:/AlliedRecording/wyswietlacz/wyswietlacz_80/Right/2022_04_27_15_23_00_809_wyswietlacz_80_Right.jpg,222,282,305,344
C:/AlliedRecording/wyswietlacz/wyswietlacz_80/Right/2022_04_27_15_23_06_477_wyswietlacz_80_Right.jpg,227,264,291,352
C:/AlliedRecording/wyswietlacz/wyswietlacz_80/Right/2022_04_27_15_23_12_084_wyswietlacz_80_Right.jpg,220,274,300,343
C:/AlliedRecording/wyswietlacz/wyswietlacz_80/Right/2022_04_27_15_23_18_582_wyswietlacz_80_Right.jpg,224,263,287,373
C:/AlliedRecording/wyswietlacz/wyswietlacz_80/Right/2022_04_27_15_23_23_244_wyswietlacz_80_Right.jpg,199,290,295,364
C:/AlliedRecording/wyswietlacz/wyswietlacz_80/Right/2022_04_27_15_23_26_923_wyswietlacz_80_Right.jpg,221,263,293,367
C:/AlliedRecording/wyswietlacz/wyswietlacz_80/Right/2022_04_27_15_23_41_976_wyswietlacz_80_Right.jpg,26,45,128,147
C:/AlliedRecording/wyswietlacz/wyswietlacz_80/Right/2022_04_27_15_23_47_252_wyswietlacz_80_Right.jpg,26,61,119,145
C:/AlliedRecording/wyswietlacz/wyswietlacz_80/Right/2022_04_27_15_23_52_835_wyswietlacz_80_Right.jpg,44,54,121,162
C:/AlliedRecording/wyswietlacz/wyswietlacz_80/Right/2022_04_27_15_23_58_039_wyswietlacz_80_Right.jpg,49,39,110,150
C:/AlliedRecording/wyswietlacz/wyswietlacz_80/Right/2022_04_27_15_24_04_610_wyswietlacz_80_Right.jpg,39,53,98,161
C:/AlliedRecording/wyswietlacz/wyswietlacz_80/Right/2022_04_27_15_24_08_614_wyswietlacz_80_Right.jpg,47,70,148,139
C:/AlliedRecording/wyswietlacz/wyswietlacz_80/Right/2022_04_27_15_24_13_335_wyswietlacz_80_Right.jpg,41,51,105,152
C:/AlliedRecording/wyswietlacz/wyswietlacz_80/Right/2022_04_27_15_24_18_260_wyswietlacz_80_Right.jpg,47,69,138,143
C:/AlliedRecording/wyswietlacz/wyswietlacz_80/Right/2022_04_27_15_24_24_570_wyswietlacz_80_Right.jpg,68,54,130,145
C:/AlliedRecording/wyswietlacz/wyswietlacz_80/Right/2022_04_27_15_24_34_774_wyswietlacz_80_Right.jpg,552,65,645,153
C:/AlliedRecording/wyswietlacz/wyswietlacz_80/Right/2022_04_27_15_24_39_509_wyswietlacz_80_Right.jpg,558,66,633,169
C:/AlliedRecording/wyswietlacz/wyswietlacz_80/Right/2022_04_27_15_24_43_354_wyswietlacz_80_Right.jpg,536,72,631,157
C:/AlliedRecording/wyswietlacz/wyswietlacz_80/Right/2022_04_27_15_24_47_610_wyswietlacz_80_Right.jpg,537,79,628,163
C:/AlliedRecording/wyswietlacz/wyswietlacz_80/Right/2022_04_27_15_24_52_296_wyswietlacz_80_Right.jpg,544,84,619,188
C:/AlliedRecording/wyswietlacz/wyswietlacz_80/Right/2022_04_27_15_24_56_935_wyswietlacz_80_Right.jpg,566,79,616,187
C:/AlliedRecording/wyswietlacz/wyswietlacz_80/Right/2022_04_27_15_25_01_410_wyswietlacz_80_Right.jpg,531,86,629,155
C:/AlliedRecording/wyswietlacz/wyswietlacz_80/Right/2022_04_27_15_25_05_056_wyswietlacz_80_Right.jpg,543,82,603,191
C:/AlliedRecording/wyswietlacz/wyswietlacz_80/Right/2022_04_27_15_25_08_960_wyswietlacz_80_Right.jpg,515,84,613,165
C:/AlliedRecording/wyswietlacz/wyswietlacz_80/Right/2022_04_27_15_25_14_472_wyswietlacz_80_Right.jpg,521,73,582,170
C:/AlliedRecording/wyswietlacz/wyswietlacz_80/Right/2022_04_27_15_25_18_603_wyswietlacz_80_Right.jpg,529,90,605,165
C:/AlliedRecording/wyswietlacz/wyswietlacz_80/Right/2022_04_27_15_25_22_500_wyswietlacz_80_Right.jpg,547,78,608,170
C:/AlliedRecording/wyswietlacz/wyswietlacz_80/Right/2022_04_27_15_25_26_868_wyswietlacz_80_Right.jpg,522,70,602,148
C:/AlliedRecording/wyswietlacz/wyswietlacz_80/Right/2022_04_27_15_25_34_353_wyswietlacz_80_Right.jpg,546,425,623,529
C:/AlliedRecording/wyswietlacz/wyswietlacz_80/Right/2022_04_27_15_25_41_533_wyswietlacz_80_Right.jpg,520,439,618,527
C:/AlliedRecording/wyswietlacz/wyswietlacz_80/Right/2022_04_27_15_25_46_106_wyswietlacz_80_Right.jpg,524,443,619,530
C:/AlliedRecording/wyswietlacz/wyswietlacz_80/Right/2022_04_27_15_25_51_360_wyswietlacz_80_Right.jpg,521,440,617,534
C:/AlliedRecording/wyswietlacz/wyswietlacz_80/Right/2022_04_27_15_25_54_558_wyswietlacz_80_Right.jpg,514,426,595,533
C:/AlliedRecording/wyswietlacz/wyswietlacz_80/Right/2022_04_27_15_25_58_703_wyswietlacz_80_Right.jpg,534,425,592,528
C:/AlliedRecording/wyswietlacz/wyswietlacz_80/Right/2022_04_27_15_26_01_950_wyswietlacz_80_Right.jpg,510,447,608,517
C:/AlliedRecording/wyswietlacz/wyswietlacz_80/Right/2022_04_27_15_26_05_447_wyswietlacz_80_Right.jpg,517,420,587,528
C:/AlliedRecording/wyswietlacz/wyswietlacz_80/Right/2022_04_27_15_26_09_468_wyswietlacz_80_Right.jpg,516,445,612,512
C:/AlliedRecording/wyswietlacz/wyswietlacz_80/Right/2022_04_27_15_26_14_670_wyswietlacz_80_Right.jpg,530,420,597,512
C:/AlliedRecording/wyswietlacz/wyswietlacz_80/Right/2022_04_27_15_26_21_199_wyswietlacz_80_Right.jpg,497,401,580,481
C:/AlliedRecording/wyswietlacz/wyswietlacz_80/Right/2022_04_27_15_26_26_397_wyswietlacz_80_Right.jpg,487,397,550,492
C:/AlliedRecording/wyswietlacz/wyswietlacz_80/Right/2022_04_27_15_26_35_067_wyswietlacz_80_Right.jpg,49,452,147,542
C:/AlliedRecording/wyswietlacz/wyswietlacz_80/Right/2022_04_27_15_26_39_117_wyswietlacz_80_Right.jpg,54,423,134,542
C:/AlliedRecording/wyswietlacz/wyswietlacz_80/Right/2022_04_27_15_26_45_622_wyswietlacz_80_Right.jpg,54,415,139,522
C:/AlliedRecording/wyswietlacz/wyswietlacz_80/Right/2022_04_27_15_26_51_892_wyswietlacz_80_Right.jpg,63,419,165,515
C:/AlliedRecording/wyswietlacz/wyswietlacz_80/Right/2022_04_27_15_26_57_319_wyswietlacz_80_Right.jpg,78,397,145,509
C:/AlliedRecording/wyswietlacz/wyswietlacz_80/Right/2022_04_27_15_27_10_649_wyswietlacz_80_Right.jpg,78,389,180,472
C:/AlliedRecording/wyswietlacz/wyswietlacz_80/Right/2022_04_27_15_27_17_547_wyswietlacz_80_Right.jpg,95,363,165,469
C:/AlliedRecording/wyswietlacz/wyswietlacz_80/Right/2022_04_27_15_27_25_796_wyswietlacz_80_Right.jpg,77,385,176,455
C:/AlliedRecording/wyswietlacz/wyswietlacz_80/Right/2022_04_27_15_27_34_354_wyswietlacz_80_Right.jpg,96,365,159,461
C:/AlliedRecording/wyswietlacz/wyswietlacz_80/Right/2022_04_27_15_27_38_900_wyswietlacz_80_Right.jpg,97,363,183,434
C:/AlliedRecording/wyswietlacz/wyswietlacz_80/Right/2022_04_27_15_27_44_258_wyswietlacz_80_Right.jpg,87,333,164,433
C:/AlliedRecording/wyswietlacz/wyswietlacz_80/Right/2022_04_27_15_28_00_120_wyswietlacz_80_Right.jpg,7,254,86,363
C:/AlliedRecording/wyswietlacz/wyswietlacz_80/Right/2022_04_27_15_28_06_573_wyswietlacz_80_Right.jpg,173,61,253,170
C:/AlliedRecording/wyswietlacz/wyswietlacz_80/Right/2022_04_27_15_28_12_565_wyswietlacz_80_Right.jpg,538,264,629,371
C:/AlliedRecording/wyswietlacz/wyswietlacz_80/Right/2022_04_27_15_28_19_812_wyswietlacz_80_Right.jpg,245,354,325,458
C:/AlliedRecording/wyswietlacz/wyswietlacz_80/Right/2022_04_27_15_28_26_887_wyswietlacz_80_Right.jpg,349,387,445,507
C:/AlliedRecording/wyswietlacz/wyswietlacz_80/Right/2022_04_27_15_28_31_258_wyswietlacz_80_Right.jpg,503,75,583,190
C:/AlliedRecording/wyswietlacz/wyswietlacz_80/Right/2022_04_27_15_28_35_808_wyswietlacz_80_Right.jpg,248,75,328,191
C:/AlliedRecording/wyswietlacz/wyswietlacz_80/Right/2022_04_27_15_28_40_142_wyswietlacz_80_Right.jpg,481,248,569,358
