C:/AlliedRecording/zlacze/zlaczeC_80/Right/2022_04_27_17_20_27_458_zlaczeC_80_Right.jpg,29,41,148,111
C:/AlliedRecording/zlacze/zlaczeC_80/Right/2022_04_27_17_20_31_355_zlaczeC_80_Right.jpg,160,6,252,75
C:/AlliedRecording/zlacze/zlaczeC_80/Right/2022_04_27_17_20_33_034_zlaczeC_80_Right.jpg,222,1,328,69
C:/AlliedRecording/zlacze/zlaczeC_80/Right/2022_04_27_17_20_36_356_zlaczeC_80_Right.jpg,293,17,400,94
C:/AlliedRecording/zlacze/zlaczeC_80/Right/2022_04_27_17_20_38_976_zlaczeC_80_Right.jpg,331,37,439,106
C:/AlliedRecording/zlacze/zlaczeC_80/Right/2022_04_27_17_20_42_984_zlaczeC_80_Right.jpg,437,45,535,114
C:/AlliedRecording/zlacze/zlaczeC_80/Right/2022_04_27_17_20_45_428_zlaczeC_80_Right.jpg,520,63,619,133
C:/AlliedRecording/zlacze/zlaczeC_80/Right/2022_04_27_17_20_47_584_zlaczeC_80_Right.jpg,560,29,659,109
C:/AlliedRecording/zlacze/zlaczeC_80/Right/2022_04_27_17_20_59_735_zlaczeC_80_Right.jpg,491,60,600,137
C:/AlliedRecording/zlacze/zlaczeC_80/Right/2022_04_27_17_21_08_379_zlaczeC_80_Right.jpg,506,51,583,119
C:/AlliedRecording/zlacze/zlaczeC_80/Right/2022_04_27_17_21_11_059_zlaczeC_80_Right.jpg,497,117,588,203
C:/AlliedRecording/zlacze/zlaczeC_80/Right/2022_04_27_17_21_13_362_zlaczeC_80_Right.jpg,533,174,639,250
C:/AlliedRecording/zlacze/zlaczeC_80/Right/2022_04_27_17_21_16_055_zlaczeC_80_Right.jpg,476,262,568,343
C:/AlliedRecording/zlacze/zlaczeC_80/Right/2022_04_27_17_21_18_187_zlaczeC_80_Right.jpg,499,322,590,417
C:/AlliedRecording/zlacze/zlaczeC_80/Right/2022_04_27_17_21_20_850_zlaczeC_80_Right.jpg,497,358,578,433
C:/AlliedRecording/zlacze/zlaczeC_80/Right/2022_04_27_17_21_23_278_zlaczeC_80_Right.jpg,452,452,551,533
C:/AlliedRecording/zlacze/zlaczeC_80/Right/2022_04_27_17_21_25_426_zlaczeC_80_Right.jpg,386,473,480,534
C:/AlliedRecording/zlacze/zlaczeC_80/Right/2022_04_27_17_21_27_332_zlaczeC_80_Right.jpg,349,465,434,528
C:/AlliedRecording/zlacze/zlaczeC_80/Right/2022_04_27_17_21_29_058_zlaczeC_80_Right.jpg,298,474,403,533
C:/AlliedRecording/zlacze/zlaczeC_80/Right/2022_04_27_17_21_31_072_zlaczeC_80_Right.jpg,291,457,387,525
C:/AlliedRecording/zlacze/zlaczeC_80/Right/2022_04_27_17_21_32_930_zlaczeC_80_Right.jpg,220,448,321,523
C:/AlliedRecording/zlacze/zlaczeC_80/Right/2022_04_27_17_21_35_186_zlaczeC_80_Right.jpg,139,459,244,531
C:/AlliedRecording/zlacze/zlaczeC_80/Right/2022_04_27_17_21_37_942_zlaczeC_80_Right.jpg,101,467,190,538
C:/AlliedRecording/zlacze/zlaczeC_80/Right/2022_04_27_17_21_40_105_zlaczeC_80_Right.jpg,37,456,142,515
C:/AlliedRecording/zlacze/zlaczeC_80/Right/2022_04_27_17_21_43_057_zlaczeC_80_Right.jpg,25,449,100,511
C:/AlliedRecording/zlacze/zlaczeC_80/Right/2022_04_27_17_21_49_273_zlaczeC_80_Right.jpg,69,415,152,494
C:/AlliedRecording/zlacze/zlaczeC_80/Right/2022_04_27_17_21_53_210_zlaczeC_80_Right.jpg,32,424,131,484
C:/AlliedRecording/zlacze/zlaczeC_80/Right/2022_04_27_17_21_56_669_zlaczeC_80_Right.jpg,7,381,95,452
C:/AlliedRecording/zlacze/zlaczeC_80/Right/2022_04_27_17_22_00_254_zlaczeC_80_Right.jpg,23,330,114,409
C:/AlliedRecording/zlacze/zlaczeC_80/Right/2022_04_27_17_22_02_995_zlaczeC_80_Right.jpg,23,277,117,342
C:/AlliedRecording/zlacze/zlaczeC_80/Right/2022_04_27_17_22_05_397_zlaczeC_80_Right.jpg,21,228,113,309
C:/AlliedRecording/zlacze/zlaczeC_80/Right/2022_04_27_17_22_08_162_zlaczeC_80_Right.jpg,34,198,119,265
C:/AlliedRecording/zlacze/zlaczeC_80/Right/2022_04_27_17_22_10_373_zlaczeC_80_Right.jpg,31,150,107,227
C:/AlliedRecording/zlacze/zlaczeC_80/Right/2022_04_27_17_22_13_423_zlaczeC_80_Right.jpg,42,110,117,181
C:/AlliedRecording/zlacze/zlaczeC_80/Right/2022_04_27_17_22_16_844_zlaczeC_80_Right.jpg,53,39,124,130
C:/AlliedRecording/zlacze/zlaczeC_80/Right/2022_04_27_17_22_20_225_zlaczeC_80_Right.jpg,120,99,189,185
C:/AlliedRecording/zlacze/zlaczeC_80/Right/2022_04_27_17_22_24_239_zlaczeC_80_Right.jpg,158,107,228,189
C:/AlliedRecording/zlacze/zlaczeC_80/Right/2022_04_27_17_23_02_306_zlaczeC_80_Right.jpg,262,91,325,176
C:/AlliedRecording/zlacze/zlaczeC_80/Right/2022_04_27_17_23_05_624_zlaczeC_80_Right.jpg,312,106,388,184
C:/AlliedRecording/zlacze/zlaczeC_80/Right/2022_04_27_17_23_08_648_zlaczeC_80_Right.jpg,372,98,426,190
C:/AlliedRecording/zlacze/zlaczeC_80/Right/2022_04_27_17_23_10_970_zlaczeC_80_Right.jpg,405,90,472,189
C:/AlliedRecording/zlacze/zlaczeC_80/Right/2022_04_27_17_23_13_563_zlaczeC_80_Right.jpg,449,102,518,191
C:/AlliedRecording/zlacze/zlaczeC_80/Right/2022_04_27_17_23_17_647_zlaczeC_80_Right.jpg,456,108,519,193
C:/AlliedRecording/zlacze/zlaczeC_80/Right/2022_04_27_17_23_20_811_zlaczeC_80_Right.jpg,442,172,528,258
C:/AlliedRecording/zlacze/zlaczeC_80/Right/2022_04_27_17_23_22_966_zlaczeC_80_Right.jpg,425,223,505,313
C:/AlliedRecording/zlacze/zlaczeC_80/Right/2022_04_27_17_23_25_336_zlaczeC_80_Right.jpg,423,298,482,369
C:/AlliedRecording/zlacze/zlaczeC_80/Right/2022_04_27_17_23_30_646_zlaczeC_80_Right.jpg,348,299,430,375
C:/AlliedRecording/zlacze/zlaczeC_80/Right/2022_04_27_17_23_36_429_zlaczeC_80_Right.jpg,233,304,310,373
C:/AlliedRecording/zlacze/zlaczeC_80/Right/2022_04_27_17_23_39_850_zlaczeC_80_Right.jpg,170,305,234,368
C:/AlliedRecording/zlacze/zlaczeC_80/Right/2022_04_27_17_23_46_309_zlaczeC_80_Right.jpg,190,241,238,317
C:/AlliedRecording/zlacze/zlaczeC_80/Right/2022_04_27_17_23_48_746_zlaczeC_80_Right.jpg,195,174,269,252
C:/AlliedRecording/zlacze/zlaczeC_80/Right/2022_04_27_17_23_50_972_zlaczeC_80_Right.jpg,234,181,325,252
C:/AlliedRecording/zlacze/zlaczeC_80/Right/2022_04_27_17_23_53_081_zlaczeC_80_Right.jpg,296,188,365,254
C:/AlliedRecording/zlacze/zlaczeC_80/Right/2022_04_27_17_23_55_464_zlaczeC_80_Right.jpg,317,159,413,250
C:/AlliedRecording/zlacze/zlaczeC_80/Right/2022_04_27_17_23_57_737_zlaczeC_80_Right.jpg,359,159,442,244
C:/AlliedRecording/zlacze/zlaczeC_80/Right/2022_04_27_17_24_00_440_zlaczeC_80_Right.jpg,402,262,490,338
