C:/AlliedRecording/wyswietlacz/wyswietlaczC_60/Left/2022_04_27_18_01_08_983_wyswietlaczC_60_Left.jpg,167,68,278,194
C:/AlliedRecording/wyswietlacz/wyswietlaczC_60/Left/2022_04_27_18_01_13_254_wyswietlaczC_60_Left.jpg,226,53,325,182
C:/AlliedRecording/wyswietlacz/wyswietlaczC_60/Left/2022_04_27_18_01_16_525_wyswietlaczC_60_Left.jpg,291,74,425,205
C:/AlliedRecording/wyswietlacz/wyswietlaczC_60/Left/2022_04_27_18_01_22_172_wyswietlaczC_60_Left.jpg,400,87,496,195
C:/AlliedRecording/wyswietlacz/wyswietlaczC_60/Left/2022_04_27_18_01_26_419_wyswietlaczC_60_Left.jpg,451,92,529,195
C:/AlliedRecording/wyswietlacz/wyswietlaczC_60/Left/2022_04_27_18_01_37_174_wyswietlaczC_60_Left.jpg,517,102,657,215
C:/AlliedRecording/wyswietlacz/wyswietlaczC_60/Left/2022_04_27_18_01_40_629_wyswietlaczC_60_Left.jpg,666,96,742,202
C:/AlliedRecording/wyswietlacz/wyswietlaczC_60/Left/2022_04_27_18_01_46_534_wyswietlaczC_60_Left.jpg,694,174,772,298
C:/AlliedRecording/wyswietlacz/wyswietlaczC_60/Left/2022_04_27_18_01_49_196_wyswietlaczC_60_Left.jpg,618,172,725,293
C:/AlliedRecording/wyswietlacz/wyswietlaczC_60/Left/2022_04_27_18_01_51_804_wyswietlaczC_60_Left.jpg,552,175,651,306
C:/AlliedRecording/wyswietlacz/wyswietlaczC_60/Left/2022_04_27_18_01_54_538_wyswietlaczC_60_Left.jpg,540,175,638,281
C:/AlliedRecording/wyswietlacz/wyswietlaczC_60/Left/2022_04_27_18_01_56_857_wyswietlaczC_60_Left.jpg,490,164,584,270
C:/AlliedRecording/wyswietlacz/wyswietlaczC_60/Left/2022_04_27_18_01_59_107_wyswietlaczC_60_Left.jpg,387,181,522,274
C:/AlliedRecording/wyswietlacz/wyswietlaczC_60/Left/2022_04_27_18_02_01_910_wyswietlaczC_60_Left.jpg,354,181,440,287
C:/AlliedRecording/wyswietlacz/wyswietlaczC_60/Left/2022_04_27_18_02_03_901_wyswietlaczC_60_Left.jpg,258,184,388,289
C:/AlliedRecording/wyswietlacz/wyswietlaczC_60/Left/2022_04_27_18_02_06_410_wyswietlaczC_60_Left.jpg,185,175,321,286
C:/AlliedRecording/wyswietlacz/wyswietlaczC_60/Left/2022_04_27_18_02_10_694_wyswietlaczC_60_Left.jpg,244,150,370,277
C:/AlliedRecording/wyswietlacz/wyswietlaczC_60/Left/2022_04_27_18_02_14_131_wyswietlaczC_60_Left.jpg,197,344,321,462
C:/AlliedRecording/wyswietlacz/wyswietlaczC_60/Left/2022_04_27_18_02_17_840_wyswietlaczC_60_Left.jpg,294,284,438,422
C:/AlliedRecording/wyswietlacz/wyswietlaczC_60/Left/2022_04_27_18_02_22_639_wyswietlaczC_60_Left.jpg,380,328,505,453
C:/AlliedRecording/wyswietlacz/wyswietlaczC_60/Left/2022_04_27_18_02_28_040_wyswietlaczC_60_Left.jpg,445,320,595,454
C:/AlliedRecording/wyswietlacz/wyswietlaczC_60/Left/2022_04_27_18_02_33_654_wyswietlaczC_60_Left.jpg,590,305,695,425
C:/AlliedRecording/wyswietlacz/wyswietlaczC_60/Left/2022_04_27_18_02_37_659_wyswietlaczC_60_Left.jpg,592,339,742,473
C:/AlliedRecording/wyswietlacz/wyswietlaczC_60/Left/2022_04_27_18_02_40_160_wyswietlaczC_60_Left.jpg,606,391,709,489
C:/AlliedRecording/wyswietlacz/wyswietlaczC_60/Left/2022_04_27_18_02_43_706_wyswietlaczC_60_Left.jpg,443,371,585,493
C:/AlliedRecording/wyswietlacz/wyswietlaczC_60/Left/2022_04_27_18_02_45_860_wyswietlaczC_60_Left.jpg,446,392,527,485
C:/AlliedRecording/wyswietlacz/wyswietlaczC_60/Left/2022_04_27_18_02_47_688_wyswietlaczC_60_Left.jpg,352,366,486,478
C:/AlliedRecording/wyswietlacz/wyswietlaczC_60/Left/2022_04_27_18_02_50_039_wyswietlaczC_60_Left.jpg,224,334,345,455
C:/AlliedRecording/wyswietlacz/wyswietlaczC_60/Left/2022_04_27_18_02_52_780_wyswietlaczC_60_Left.jpg,167,289,271,413
C:/AlliedRecording/wyswietlacz/wyswietlaczC_60/Left/2022_04_27_18_02_57_824_wyswietlaczC_60_Left.jpg,193,268,328,399
C:/AlliedRecording/wyswietlacz/wyswietlaczC_60/Left/2022_04_27_18_03_00_912_wyswietlaczC_60_Left.jpg,172,413,304,565
C:/AlliedRecording/wyswietlacz/wyswietlaczC_60/Left/2022_04_27_18_03_08_778_wyswietlaczC_60_Left.jpg,209,473,307,606
C:/AlliedRecording/wyswietlacz/wyswietlaczC_60/Left/2022_04_27_18_03_53_499_wyswietlaczC_60_Left.jpg,289,419,364,568
C:/AlliedRecording/wyswietlacz/wyswietlaczC_60/Left/2022_04_27_18_04_04_053_wyswietlaczC_60_Left.jpg,160,434,265,584
C:/AlliedRecording/wyswietlacz/wyswietlaczC_60/Left/2022_04_27_18_04_07_690_wyswietlaczC_60_Left.jpg,186,447,273,588
C:/AlliedRecording/wyswietlacz/wyswietlaczC_60/Left/2022_04_27_18_04_10_850_wyswietlaczC_60_Left.jpg,516,373,592,514
C:/AlliedRecording/wyswietlacz/wyswietlaczC_60/Left/2022_04_27_18_04_15_138_wyswietlaczC_60_Left.jpg,628,289,772,472
C:/AlliedRecording/wyswietlacz/wyswietlaczC_60/Left/2022_04_27_18_04_18_918_wyswietlaczC_60_Left.jpg,611,207,750,333
C:/AlliedRecording/wyswietlacz/wyswietlaczC_60/Left/2022_04_27_18_04_25_862_wyswietlaczC_60_Left.jpg,330,112,475,269
C:/AlliedRecording/wyswietlacz/wyswietlaczC_60/Left/2022_04_27_18_04_28_142_wyswietlaczC_60_Left.jpg,334,280,425,409
C:/AlliedRecording/wyswietlacz/wyswietlaczC_60/Left/2022_04_27_18_04_48_134_wyswietlaczC_60_Left.jpg,593,405,708,545
C:/AlliedRecording/wyswietlacz/wyswietlaczC_60/Left/2022_04_27_18_04_54_859_wyswietlaczC_60_Left.jpg,502,356,580,499
C:/AlliedRecording/wyswietlacz/wyswietlaczC_60/Left/2022_04_27_18_04_56_648_wyswietlaczC_60_Left.jpg,421,350,533,504
C:/AlliedRecording/wyswietlacz/wyswietlaczC_60/Left/2022_04_27_18_04_58_632_wyswietlaczC_60_Left.jpg,358,335,461,485
C:/AlliedRecording/wyswietlacz/wyswietlaczC_60/Left/2022_04_27_18_05_00_352_wyswietlaczC_60_Left.jpg,275,311,420,478
C:/AlliedRecording/wyswietlacz/wyswietlaczC_60/Left/2022_04_27_18_05_03_813_wyswietlaczC_60_Left.jpg,564,92,667,179
C:/AlliedRecording/wyswietlacz/wyswietlaczC_60/Left/2022_04_27_18_05_06_285_wyswietlaczC_60_Left.jpg,439,141,563,272
C:/AlliedRecording/wyswietlacz/wyswietlaczC_60/Left/2022_04_27_18_05_08_995_wyswietlaczC_60_Left.jpg,429,195,560,310
C:/AlliedRecording/wyswietlacz/wyswietlaczC_60/Left/2022_04_27_18_05_11_708_wyswietlaczC_60_Left.jpg,555,231,666,320
C:/AlliedRecording/wyswietlacz/wyswietlaczC_60/Left/2022_04_27_18_05_13_880_wyswietlaczC_60_Left.jpg,526,255,668,369
C:/AlliedRecording/wyswietlacz/wyswietlaczC_60/Left/2022_04_27_18_05_16_168_wyswietlaczC_60_Left.jpg,621,243,747,390
C:/AlliedRecording/wyswietlacz/wyswietlaczC_60/Left/2022_04_27_18_05_18_105_wyswietlaczC_60_Left.jpg,247,244,360,381
