C:/AlliedRecording/plytka/plytka_60/Right/2022_04_26_16_22_12_650_plytka_60_Right.jpg,208,223,441,350
C:/AlliedRecording/plytka/plytka_60/Right/2022_04_26_16_22_27_203_plytka_60_Right.jpg,164,224,403,323
C:/AlliedRecording/plytka/plytka_60/Right/2022_04_26_16_22_32_481_plytka_60_Right.jpg,148,284,388,381
C:/AlliedRecording/plytka/plytka_60/Right/2022_04_26_16_22_38_159_plytka_60_Right.jpg,152,255,395,383
C:/AlliedRecording/plytka/plytka_60/Right/2022_04_26_16_22_43_321_plytka_60_Right.jpg,28,31,268,144
C:/AlliedRecording/plytka/plytka_60/Right/2022_04_26_16_22_48_383_plytka_60_Right.jpg,17,35,246,137
C:/AlliedRecording/plytka/plytka_60/Right/2022_04_26_16_22_52_969_plytka_60_Right.jpg,16,71,237,163
C:/AlliedRecording/plytka/plytka_60/Right/2022_04_26_16_22_57_765_plytka_60_Right.jpg,44,61,293,187
C:/AlliedRecording/plytka/plytka_60/Right/2022_04_26_16_23_06_156_plytka_60_Right.jpg,377,3,618,105
C:/AlliedRecording/plytka/plytka_60/Right/2022_04_26_16_23_10_154_plytka_60_Right.jpg,372,103,612,209
C:/AlliedRecording/plytka/plytka_60/Right/2022_04_26_16_23_14_632_plytka_60_Right.jpg,381,64,629,170
C:/AlliedRecording/plytka/plytka_60/Right/2022_04_26_16_23_17_888_plytka_60_Right.jpg,391,127,634,215
C:/AlliedRecording/plytka/plytka_60/Right/2022_04_26_16_23_31_171_plytka_60_Right.jpg,369,442,607,549
C:/AlliedRecording/plytka/plytka_60/Right/2022_04_26_16_23_35_131_plytka_60_Right.jpg,365,440,612,538
C:/AlliedRecording/plytka/plytka_60/Right/2022_04_26_16_23_39_564_plytka_60_Right.jpg,379,447,623,559
C:/AlliedRecording/plytka/plytka_60/Right/2022_04_26_16_23_49_437_plytka_60_Right.jpg,44,450,294,569
C:/AlliedRecording/plytka/plytka_60/Right/2022_04_26_16_23_54_876_plytka_60_Right.jpg,20,405,276,553
C:/AlliedRecording/plytka/plytka_60/Right/2022_04_26_16_23_59_250_plytka_60_Right.jpg,6,442,255,529
C:/AlliedRecording/plytka/plytka_60/Right/2022_04_26_16_24_01_806_plytka_60_Right.jpg,7,494,244,587
C:/AlliedRecording/plytka/plytka_60/Right/2022_04_26_16_24_09_928_plytka_60_Right.jpg,5,199,148,410
C:/AlliedRecording/plytka/plytka_60/Right/2022_04_26_16_24_17_154_plytka_60_Right.jpg,457,218,593,457
C:/AlliedRecording/plytka/plytka_60/Right/2022_04_26_16_24_24_746_plytka_60_Right.jpg,188,58,435,159
C:/AlliedRecording/plytka/plytka_60/Right/2022_04_26_16_24_32_491_plytka_60_Right.jpg,219,476,478,576
C:/AlliedRecording/plytka/plytka_60/Right/2022_04_26_16_24_39_945_plytka_60_Right.jpg,219,50,463,167
C:/AlliedRecording/plytka/plytka_60/Right/2022_04_26_16_24_46_670_plytka_60_Right.jpg,12,207,136,439
C:/AlliedRecording/plytka/plytka_60/Right/2022_04_26_16_24_51_692_plytka_60_Right.jpg,273,438,517,561
C:/AlliedRecording/plytka/plytka_60/Right/2022_04_26_16_24_56_899_plytka_60_Right.jpg,467,197,606,438
C:/AlliedRecording/plytka/plytka_60/Right/2022_04_26_16_25_56_814_plytka_60_Right.jpg,0,72,204,256
C:/AlliedRecording/plytka/plytka_60/Right/2022_04_26_16_26_00_564_plytka_60_Right.jpg,134,97,359,273
C:/AlliedRecording/plytka/plytka_60/Right/2022_04_26_16_26_04_448_plytka_60_Right.jpg,345,94,577,300
C:/AlliedRecording/plytka/plytka_60/Right/2022_04_26_16_26_09_080_plytka_60_Right.jpg,461,47,643,285
C:/AlliedRecording/plytka/plytka_60/Right/2022_04_26_16_26_16_143_plytka_60_Right.jpg,478,329,634,582
C:/AlliedRecording/plytka/plytka_60/Right/2022_04_26_16_26_19_689_plytka_60_Right.jpg,335,346,524,576
C:/AlliedRecording/plytka/plytka_60/Right/2022_04_26_16_26_23_127_plytka_60_Right.jpg,196,337,406,563
C:/AlliedRecording/plytka/plytka_60/Right/2022_04_26_16_26_27_205_plytka_60_Right.jpg,48,344,265,575
C:/AlliedRecording/plytka/plytka_60/Right/2022_04_26_16_26_53_481_plytka_60_Right.jpg,70,106,227,342
C:/AlliedRecording/plytka/plytka_60/Right/2022_04_26_16_26_57_565_plytka_60_Right.jpg,182,109,319,340
C:/AlliedRecording/plytka/plytka_60/Right/2022_04_26_16_27_01_073_plytka_60_Right.jpg,308,93,446,336
C:/AlliedRecording/plytka/plytka_60/Right/2022_04_26_16_27_05_140_plytka_60_Right.jpg,415,81,646,327
C:/AlliedRecording/plytka/plytka_60/Right/2022_04_26_16_27_09_016_plytka_60_Right.jpg,351,268,566,514
C:/AlliedRecording/plytka/plytka_60/Right/2022_04_26_16_27_12_608_plytka_60_Right.jpg,269,217,431,469
C:/AlliedRecording/plytka/plytka_60/Right/2022_04_26_16_27_15_506_plytka_60_Right.jpg,149,169,394,407
C:/AlliedRecording/plytka/plytka_60/Right/2022_04_26_16_27_20_473_plytka_60_Right.jpg,45,230,288,444
C:/AlliedRecording/plytka/plytka_60/Right/2022_04_26_16_27_24_027_plytka_60_Right.jpg,0,300,189,474
