C:/AlliedRecording/zlacze/zlacze_80/Right/2022_04_27_15_29_53_800_zlacze_80_Right.jpg,305,224,389,321
C:/AlliedRecording/zlacze/zlacze_80/Right/2022_04_27_15_30_02_829_zlacze_80_Right.jpg,303,230,402,305
C:/AlliedRecording/zlacze/zlacze_80/Right/2022_04_27_15_30_06_621_zlacze_80_Right.jpg,270,221,352,319
C:/AlliedRecording/zlacze/zlacze_80/Right/2022_04_27_15_30_10_064_zlacze_80_Right.jpg,248,218,352,303
C:/AlliedRecording/zlacze/zlacze_80/Right/2022_04_27_15_30_15_571_zlacze_80_Right.jpg,260,190,372,287
C:/AlliedRecording/zlacze/zlacze_80/Right/2022_04_27_15_30_19_546_zlacze_80_Right.jpg,248,196,335,304
C:/AlliedRecording/zlacze/zlacze_80/Right/2022_04_27_15_30_23_387_zlacze_80_Right.jpg,235,200,337,291
C:/AlliedRecording/zlacze/zlacze_80/Right/2022_04_27_15_30_27_511_zlacze_80_Right.jpg,273,215,362,296
C:/AlliedRecording/zlacze/zlacze_80/Right/2022_04_27_15_30_31_020_zlacze_80_Right.jpg,254,204,339,287
C:/AlliedRecording/zlacze/zlacze_80/Right/2022_04_27_15_30_34_638_zlacze_80_Right.jpg,246,195,339,278
C:/AlliedRecording/zlacze/zlacze_80/Right/2022_04_27_15_30_40_609_zlacze_80_Right.jpg,229,209,318,303
C:/AlliedRecording/zlacze/zlacze_80/Right/2022_04_27_15_30_44_359_zlacze_80_Right.jpg,204,217,304,301
C:/AlliedRecording/zlacze/zlacze_80/Right/2022_04_27_15_30_47_885_zlacze_80_Right.jpg,221,200,308,300
C:/AlliedRecording/zlacze/zlacze_80/Right/2022_04_27_15_30_51_690_zlacze_80_Right.jpg,221,204,314,294
C:/AlliedRecording/zlacze/zlacze_80/Right/2022_04_27_15_30_55_313_zlacze_80_Right.jpg,209,175,301,281
C:/AlliedRecording/zlacze/zlacze_80/Right/2022_04_27_15_30_59_204_zlacze_80_Right.jpg,208,164,314,271
C:/AlliedRecording/zlacze/zlacze_80/Right/2022_04_27_15_31_02_641_zlacze_80_Right.jpg,222,157,314,256
C:/AlliedRecording/zlacze/zlacze_80/Right/2022_04_27_15_31_05_435_zlacze_80_Right.jpg,230,172,327,274
C:/AlliedRecording/zlacze/zlacze_80/Right/2022_04_27_15_31_08_848_zlacze_80_Right.jpg,238,164,330,266
C:/AlliedRecording/zlacze/zlacze_80/Right/2022_04_27_15_31_15_393_zlacze_80_Right.jpg,44,64,132,166
C:/AlliedRecording/zlacze/zlacze_80/Right/2022_04_27_15_31_19_257_zlacze_80_Right.jpg,52,64,147,158
C:/AlliedRecording/zlacze/zlacze_80/Right/2022_04_27_15_31_22_319_zlacze_80_Right.jpg,41,48,145,162
C:/AlliedRecording/zlacze/zlacze_80/Right/2022_04_27_15_31_28_562_zlacze_80_Right.jpg,23,36,119,141
C:/AlliedRecording/zlacze/zlacze_80/Right/2022_04_27_15_31_31_455_zlacze_80_Right.jpg,23,49,119,140
C:/AlliedRecording/zlacze/zlacze_80/Right/2022_04_27_15_31_34_793_zlacze_80_Right.jpg,30,48,107,141
C:/AlliedRecording/zlacze/zlacze_80/Right/2022_04_27_15_31_38_434_zlacze_80_Right.jpg,33,43,115,125
C:/AlliedRecording/zlacze/zlacze_80/Right/2022_04_27_15_31_42_834_zlacze_80_Right.jpg,33,29,96,143
C:/AlliedRecording/zlacze/zlacze_80/Right/2022_04_27_15_31_46_704_zlacze_80_Right.jpg,28,37,108,118
C:/AlliedRecording/zlacze/zlacze_80/Right/2022_04_27_15_31_50_023_zlacze_80_Right.jpg,37,36,98,131
C:/AlliedRecording/zlacze/zlacze_80/Right/2022_04_27_15_31_53_013_zlacze_80_Right.jpg,39,23,120,111
C:/AlliedRecording/zlacze/zlacze_80/Right/2022_04_27_15_32_03_805_zlacze_80_Right.jpg,573,8,650,89
C:/AlliedRecording/zlacze/zlacze_80/Right/2022_04_27_15_32_08_371_zlacze_80_Right.jpg,562,26,634,98
C:/AlliedRecording/zlacze/zlacze_80/Right/2022_04_27_15_32_12_044_zlacze_80_Right.jpg,541,36,606,119
C:/AlliedRecording/zlacze/zlacze_80/Right/2022_04_27_15_32_15_862_zlacze_80_Right.jpg,521,41,609,105
C:/AlliedRecording/zlacze/zlacze_80/Right/2022_04_27_15_32_20_445_zlacze_80_Right.jpg,542,54,627,119
C:/AlliedRecording/zlacze/zlacze_80/Right/2022_04_27_15_32_24_002_zlacze_80_Right.jpg,549,41,632,125
C:/AlliedRecording/zlacze/zlacze_80/Right/2022_04_27_15_32_27_414_zlacze_80_Right.jpg,539,53,622,128
C:/AlliedRecording/zlacze/zlacze_80/Right/2022_04_27_15_32_30_819_zlacze_80_Right.jpg,547,52,619,132
C:/AlliedRecording/zlacze/zlacze_80/Right/2022_04_27_15_32_34_272_zlacze_80_Right.jpg,529,64,627,137
C:/AlliedRecording/zlacze/zlacze_80/Right/2022_04_27_15_32_38_336_zlacze_80_Right.jpg,544,74,606,139
C:/AlliedRecording/zlacze/zlacze_80/Right/2022_04_27_15_32_42_311_zlacze_80_Right.jpg,559,67,619,147
C:/AlliedRecording/zlacze/zlacze_80/Right/2022_04_27_15_32_45_863_zlacze_80_Right.jpg,556,89,636,151
C:/AlliedRecording/zlacze/zlacze_80/Right/2022_04_27_15_32_49_124_zlacze_80_Right.jpg,562,79,624,154
C:/AlliedRecording/zlacze/zlacze_80/Right/2022_04_27_15_32_52_944_zlacze_80_Right.jpg,521,92,600,147
C:/AlliedRecording/zlacze/zlacze_80/Right/2022_04_27_15_32_56_658_zlacze_80_Right.jpg,535,80,597,170
C:/AlliedRecording/zlacze/zlacze_80/Right/2022_04_27_15_33_01_467_zlacze_80_Right.jpg,509,79,579,166
C:/AlliedRecording/zlacze/zlacze_80/Right/2022_04_27_15_33_05_343_zlacze_80_Right.jpg,508,91,592,153
C:/AlliedRecording/zlacze/zlacze_80/Right/2022_04_27_15_33_12_471_zlacze_80_Right.jpg,539,434,617,521
C:/AlliedRecording/zlacze/zlacze_80/Right/2022_04_27_15_33_15_619_zlacze_80_Right.jpg,512,430,574,535
C:/AlliedRecording/zlacze/zlacze_80/Right/2022_04_27_15_33_18_384_zlacze_80_Right.jpg,476,434,558,529
C:/AlliedRecording/zlacze/zlacze_80/Right/2022_04_27_15_33_21_849_zlacze_80_Right.jpg,472,419,543,520
C:/AlliedRecording/zlacze/zlacze_80/Right/2022_04_27_15_33_27_737_zlacze_80_Right.jpg,447,424,514,529
C:/AlliedRecording/zlacze/zlacze_80/Right/2022_04_27_15_33_27_847_zlacze_80_Right.jpg,442,421,516,530
C:/AlliedRecording/zlacze/zlacze_80/Right/2022_04_27_15_33_30_589_zlacze_80_Right.jpg,413,429,493,513
C:/AlliedRecording/zlacze/zlacze_80/Right/2022_04_27_15_33_35_681_zlacze_80_Right.jpg,411,435,480,528
C:/AlliedRecording/zlacze/zlacze_80/Right/2022_04_27_15_33_40_289_zlacze_80_Right.jpg,426,424,486,498
C:/AlliedRecording/zlacze/zlacze_80/Right/2022_04_27_15_33_44_276_zlacze_80_Right.jpg,415,436,473,511
C:/AlliedRecording/zlacze/zlacze_80/Right/2022_04_27_15_33_47_743_zlacze_80_Right.jpg,406,443,466,521
C:/AlliedRecording/zlacze/zlacze_80/Right/2022_04_27_15_33_50_727_zlacze_80_Right.jpg,403,430,466,514
C:/AlliedRecording/zlacze/zlacze_80/Right/2022_04_27_15_33_55_054_zlacze_80_Right.jpg,389,433,463,507
C:/AlliedRecording/zlacze/zlacze_80/Right/2022_04_27_15_33_58_356_zlacze_80_Right.jpg,410,431,476,519
C:/AlliedRecording/zlacze/zlacze_80/Right/2022_04_27_15_34_02_450_zlacze_80_Right.jpg,389,426,470,503
C:/AlliedRecording/zlacze/zlacze_80/Right/2022_04_27_15_34_05_939_zlacze_80_Right.jpg,393,409,460,513
C:/AlliedRecording/zlacze/zlacze_80/Right/2022_04_27_15_34_10_554_zlacze_80_Right.jpg,405,404,478,488
C:/AlliedRecording/zlacze/zlacze_80/Right/2022_04_27_15_34_14_100_zlacze_80_Right.jpg,398,414,462,515
C:/AlliedRecording/zlacze/zlacze_80/Right/2022_04_27_15_34_18_582_zlacze_80_Right.jpg,400,427,474,514
C:/AlliedRecording/zlacze/zlacze_80/Right/2022_04_27_15_34_27_493_zlacze_80_Right.jpg,55,445,136,528
C:/AlliedRecording/zlacze/zlacze_80/Right/2022_04_27_15_34_36_963_zlacze_80_Right.jpg,47,430,115,516
C:/AlliedRecording/zlacze/zlacze_80/Right/2022_04_27_15_34_41_410_zlacze_80_Right.jpg,45,433,120,518
C:/AlliedRecording/zlacze/zlacze_80/Right/2022_04_27_15_34_45_987_zlacze_80_Right.jpg,44,434,114,533
C:/AlliedRecording/zlacze/zlacze_80/Right/2022_04_27_15_34_51_914_zlacze_80_Right.jpg,63,446,120,524
C:/AlliedRecording/zlacze/zlacze_80/Right/2022_04_27_15_34_55_710_zlacze_80_Right.jpg,59,443,128,527
C:/AlliedRecording/zlacze/zlacze_80/Right/2022_04_27_15_34_59_326_zlacze_80_Right.jpg,56,441,116,520
C:/AlliedRecording/zlacze/zlacze_80/Right/2022_04_27_15_35_03_198_zlacze_80_Right.jpg,60,439,126,521
C:/AlliedRecording/zlacze/zlacze_80/Right/2022_04_27_15_35_07_632_zlacze_80_Right.jpg,65,439,151,516
C:/AlliedRecording/zlacze/zlacze_80/Right/2022_04_27_15_35_14_753_zlacze_80_Right.jpg,80,420,163,497
C:/AlliedRecording/zlacze/zlacze_80/Right/2022_04_27_15_35_18_766_zlacze_80_Right.jpg,95,397,159,499
C:/AlliedRecording/zlacze/zlacze_80/Right/2022_04_27_15_35_32_075_zlacze_80_Right.jpg,149,236,230,312
C:/AlliedRecording/zlacze/zlacze_80/Right/2022_04_27_15_35_36_289_zlacze_80_Right.jpg,305,164,380,260
C:/AlliedRecording/zlacze/zlacze_80/Right/2022_04_27_15_35_39_033_zlacze_80_Right.jpg,418,312,504,388
C:/AlliedRecording/zlacze/zlacze_80/Right/2022_04_27_15_35_42_609_zlacze_80_Right.jpg,248,409,326,513
C:/AlliedRecording/zlacze/zlacze_80/Right/2022_04_27_15_35_46_022_zlacze_80_Right.jpg,128,181,209,273
