C:/AlliedRecording/wyswietlacz/wyswietlaczC_60/Right/2022_04_27_18_01_08_983_wyswietlaczC_60_Right.jpg,5,7,115,138
C:/AlliedRecording/wyswietlacz/wyswietlaczC_60/Right/2022_04_27_18_01_13_254_wyswietlaczC_60_Right.jpg,71,6,165,128
C:/AlliedRecording/wyswietlacz/wyswietlaczC_60/Right/2022_04_27_18_01_16_525_wyswietlaczC_60_Right.jpg,141,17,259,146
C:/AlliedRecording/wyswietlacz/wyswietlaczC_60/Right/2022_04_27_18_01_22_172_wyswietlaczC_60_Right.jpg,245,38,329,135
C:/AlliedRecording/wyswietlacz/wyswietlaczC_60/Right/2022_04_27_18_01_26_419_wyswietlaczC_60_Right.jpg,284,37,368,137
C:/AlliedRecording/wyswietlacz/wyswietlaczC_60/Right/2022_04_27_18_01_37_174_wyswietlaczC_60_Right.jpg,363,45,491,158
C:/AlliedRecording/wyswietlacz/wyswietlaczC_60/Right/2022_04_27_18_01_40_629_wyswietlaczC_60_Right.jpg,493,41,572,148
C:/AlliedRecording/wyswietlacz/wyswietlaczC_60/Right/2022_04_27_18_01_46_534_wyswietlaczC_60_Right.jpg,527,122,603,240
C:/AlliedRecording/wyswietlacz/wyswietlaczC_60/Right/2022_04_27_18_01_49_196_wyswietlaczC_60_Right.jpg,451,116,559,236
C:/AlliedRecording/wyswietlacz/wyswietlaczC_60/Right/2022_04_27_18_01_51_804_wyswietlaczC_60_Right.jpg,392,125,482,245
C:/AlliedRecording/wyswietlacz/wyswietlaczC_60/Right/2022_04_27_18_01_54_538_wyswietlaczC_60_Right.jpg,382,125,467,224
C:/AlliedRecording/wyswietlacz/wyswietlaczC_60/Right/2022_04_27_18_01_56_857_wyswietlaczC_60_Right.jpg,334,113,413,216
C:/AlliedRecording/wyswietlacz/wyswietlaczC_60/Right/2022_04_27_18_01_59_107_wyswietlaczC_60_Right.jpg,224,125,353,216
C:/AlliedRecording/wyswietlacz/wyswietlaczC_60/Right/2022_04_27_18_02_01_910_wyswietlaczC_60_Right.jpg,191,124,271,235
C:/AlliedRecording/wyswietlacz/wyswietlaczC_60/Right/2022_04_27_18_02_03_901_wyswietlaczC_60_Right.jpg,92,122,218,238
C:/AlliedRecording/wyswietlacz/wyswietlaczC_60/Right/2022_04_27_18_02_06_410_wyswietlaczC_60_Right.jpg,25,113,153,230
C:/AlliedRecording/wyswietlacz/wyswietlaczC_60/Right/2022_04_27_18_02_10_694_wyswietlaczC_60_Right.jpg,73,99,200,217
C:/AlliedRecording/wyswietlacz/wyswietlaczC_60/Right/2022_04_27_18_02_14_131_wyswietlaczC_60_Right.jpg,30,280,150,401
C:/AlliedRecording/wyswietlacz/wyswietlaczC_60/Right/2022_04_27_18_02_17_840_wyswietlaczC_60_Right.jpg,121,217,270,369
C:/AlliedRecording/wyswietlacz/wyswietlaczC_60/Right/2022_04_27_18_02_22_639_wyswietlaczC_60_Right.jpg,208,265,334,404
C:/AlliedRecording/wyswietlacz/wyswietlaczC_60/Right/2022_04_27_18_02_28_040_wyswietlaczC_60_Right.jpg,272,253,428,401
C:/AlliedRecording/wyswietlacz/wyswietlaczC_60/Right/2022_04_27_18_02_33_654_wyswietlaczC_60_Right.jpg,424,261,526,367
C:/AlliedRecording/wyswietlacz/wyswietlaczC_60/Right/2022_04_27_18_02_37_659_wyswietlaczC_60_Right.jpg,408,284,578,423
C:/AlliedRecording/wyswietlacz/wyswietlaczC_60/Right/2022_04_27_18_02_40_160_wyswietlaczC_60_Right.jpg,428,334,535,436
C:/AlliedRecording/wyswietlacz/wyswietlaczC_60/Right/2022_04_27_18_02_43_706_wyswietlaczC_60_Right.jpg,271,319,415,434
C:/AlliedRecording/wyswietlacz/wyswietlaczC_60/Right/2022_04_27_18_02_45_860_wyswietlaczC_60_Right.jpg,273,330,356,428
C:/AlliedRecording/wyswietlacz/wyswietlaczC_60/Right/2022_04_27_18_02_47_688_wyswietlaczC_60_Right.jpg,186,309,312,420
C:/AlliedRecording/wyswietlacz/wyswietlaczC_60/Right/2022_04_27_18_02_50_039_wyswietlaczC_60_Right.jpg,61,275,183,397
C:/AlliedRecording/wyswietlacz/wyswietlaczC_60/Right/2022_04_27_18_02_52_780_wyswietlaczC_60_Right.jpg,3,225,108,353
C:/AlliedRecording/wyswietlacz/wyswietlaczC_60/Right/2022_04_27_18_02_57_824_wyswietlaczC_60_Right.jpg,23,204,160,343
C:/AlliedRecording/wyswietlacz/wyswietlaczC_60/Right/2022_04_27_18_03_00_912_wyswietlaczC_60_Right.jpg,10,346,134,503
C:/AlliedRecording/wyswietlacz/wyswietlaczC_60/Right/2022_04_27_18_03_03_496_wyswietlaczC_60_Right.jpg,2,441,105,587
C:/AlliedRecording/wyswietlacz/wyswietlaczC_60/Right/2022_04_27_18_03_08_778_wyswietlaczC_60_Right.jpg,31,407,135,548
C:/AlliedRecording/wyswietlacz/wyswietlaczC_60/Right/2022_04_27_18_03_53_499_wyswietlaczC_60_Right.jpg,119,366,196,512
C:/AlliedRecording/wyswietlacz/wyswietlaczC_60/Right/2022_04_27_18_04_04_053_wyswietlaczC_60_Right.jpg,3,376,95,523
C:/AlliedRecording/wyswietlacz/wyswietlaczC_60/Right/2022_04_27_18_04_07_690_wyswietlaczC_60_Right.jpg,17,387,106,530
C:/AlliedRecording/wyswietlacz/wyswietlaczC_60/Right/2022_04_27_18_04_10_850_wyswietlaczC_60_Right.jpg,348,318,419,457
C:/AlliedRecording/wyswietlacz/wyswietlaczC_60/Right/2022_04_27_18_04_15_138_wyswietlaczC_60_Right.jpg,459,249,599,412
C:/AlliedRecording/wyswietlacz/wyswietlaczC_60/Right/2022_04_27_18_04_18_918_wyswietlaczC_60_Right.jpg,435,158,575,278
C:/AlliedRecording/wyswietlacz/wyswietlaczC_60/Right/2022_04_27_18_04_25_862_wyswietlaczC_60_Right.jpg,171,63,305,212
C:/AlliedRecording/wyswietlacz/wyswietlaczC_60/Right/2022_04_27_18_04_28_142_wyswietlaczC_60_Right.jpg,142,220,256,350
C:/AlliedRecording/wyswietlacz/wyswietlaczC_60/Right/2022_04_27_18_04_48_134_wyswietlaczC_60_Right.jpg,416,347,539,490
C:/AlliedRecording/wyswietlacz/wyswietlaczC_60/Right/2022_04_27_18_04_54_859_wyswietlaczC_60_Right.jpg,325,304,407,445
C:/AlliedRecording/wyswietlacz/wyswietlaczC_60/Right/2022_04_27_18_04_56_648_wyswietlaczC_60_Right.jpg,247,292,364,445
C:/AlliedRecording/wyswietlacz/wyswietlaczC_60/Right/2022_04_27_18_04_58_632_wyswietlaczC_60_Right.jpg,182,274,288,422
C:/AlliedRecording/wyswietlacz/wyswietlaczC_60/Right/2022_04_27_18_05_00_352_wyswietlaczC_60_Right.jpg,109,252,249,419
C:/AlliedRecording/wyswietlacz/wyswietlaczC_60/Right/2022_04_27_18_05_03_813_wyswietlaczC_60_Right.jpg,389,36,501,122
C:/AlliedRecording/wyswietlacz/wyswietlaczC_60/Right/2022_04_27_18_05_06_285_wyswietlaczC_60_Right.jpg,268,76,395,214
C:/AlliedRecording/wyswietlacz/wyswietlaczC_60/Right/2022_04_27_18_05_08_995_wyswietlaczC_60_Right.jpg,256,141,392,250
C:/AlliedRecording/wyswietlacz/wyswietlaczC_60/Right/2022_04_27_18_05_11_708_wyswietlaczC_60_Right.jpg,387,176,490,271
C:/AlliedRecording/wyswietlacz/wyswietlaczC_60/Right/2022_04_27_18_05_13_880_wyswietlaczC_60_Right.jpg,354,196,500,313
C:/AlliedRecording/wyswietlacz/wyswietlaczC_60/Right/2022_04_27_18_05_16_168_wyswietlaczC_60_Right.jpg,453,194,580,337
C:/AlliedRecording/wyswietlacz/wyswietlaczC_60/Right/2022_04_27_18_05_18_105_wyswietlaczC_60_Right.jpg,75,180,193,322
