C:/AlliedRecording/cewka/cewka_60/Right/2022_04_26_15_52_22_242_cewka_60_Right.jpg,232,272,389,389
C:/AlliedRecording/cewka/cewka_60/Right/2022_04_26_15_52_43_463_cewka_60_Right.jpg,278,286,421,418
C:/AlliedRecording/cewka/cewka_60/Right/2022_04_26_15_54_32_012_cewka_60_Right.jpg,305,288,472,423
C:/AlliedRecording/cewka/cewka_60/Right/2022_04_26_15_54_42_505_cewka_60_Right.jpg,258,296,424,423
C:/AlliedRecording/cewka/cewka_60/Right/2022_04_26_15_54_51_682_cewka_60_Right.jpg,204,308,358,425
C:/AlliedRecording/cewka/cewka_60/Right/2022_04_26_15_54_59_385_cewka_60_Right.jpg,240,288,399,416
C:/AlliedRecording/cewka/cewka_60/Right/2022_04_26_15_55_03_084_cewka_60_Right.jpg,212,302,373,468
C:/AlliedRecording/cewka/cewka_60/Right/2022_04_26_15_55_06_505_cewka_60_Right.jpg,202,300,386,452
C:/AlliedRecording/cewka/cewka_60/Right/2022_04_26_15_55_32_369_cewka_60_Right.jpg,37,23,193,194
C:/AlliedRecording/cewka/cewka_60/Right/2022_04_26_15_55_38_488_cewka_60_Right.jpg,54,64,213,219
C:/AlliedRecording/cewka/cewka_60/Right/2022_04_26_15_55_44_845_cewka_60_Right.jpg,73,30,215,193
C:/AlliedRecording/cewka/cewka_60/Right/2022_04_26_15_55_48_827_cewka_60_Right.jpg,79,45,246,205
C:/AlliedRecording/cewka/cewka_60/Right/2022_04_26_15_55_53_037_cewka_60_Right.jpg,89,37,244,194
C:/AlliedRecording/cewka/cewka_60/Right/2022_04_26_15_55_58_200_cewka_60_Right.jpg,132,41,283,207
C:/AlliedRecording/cewka/cewka_60/Right/2022_04_26_15_56_32_359_cewka_60_Right.jpg,144,4,304,155
C:/AlliedRecording/cewka/cewka_60/Right/2022_04_26_15_56_39_069_cewka_60_Right.jpg,135,51,316,204
C:/AlliedRecording/cewka/cewka_60/Right/2022_04_26_15_56_43_910_cewka_60_Right.jpg,164,50,319,228
C:/AlliedRecording/cewka/cewka_60/Right/2022_04_26_15_56_50_062_cewka_60_Right.jpg,208,69,341,232
C:/AlliedRecording/cewka/cewka_60/Right/2022_04_26_15_56_53_521_cewka_60_Right.jpg,190,61,351,231
C:/AlliedRecording/cewka/cewka_60/Right/2022_04_26_15_56_58_957_cewka_60_Right.jpg,188,296,353,476
C:/AlliedRecording/cewka/cewka_60/Right/2022_04_26_15_57_02_833_cewka_60_Right.jpg,198,349,359,525
C:/AlliedRecording/cewka/cewka_60/Right/2022_04_26_15_57_06_059_cewka_60_Right.jpg,183,380,309,534
C:/AlliedRecording/cewka/cewka_60/Right/2022_04_26_15_57_09_205_cewka_60_Right.jpg,170,370,339,548
C:/AlliedRecording/cewka/cewka_60/Right/2022_04_26_15_57_12_564_cewka_60_Right.jpg,126,425,268,589
C:/AlliedRecording/cewka/cewka_60/Right/2022_04_26_15_57_16_164_cewka_60_Right.jpg,134,422,299,587
C:/AlliedRecording/cewka/cewka_60/Right/2022_04_26_15_57_48_607_cewka_60_Right.jpg,348,400,529,553
C:/AlliedRecording/cewka/cewka_60/Right/2022_04_26_15_57_52_769_cewka_60_Right.jpg,386,397,562,568
C:/AlliedRecording/cewka/cewka_60/Right/2022_04_26_15_57_56_221_cewka_60_Right.jpg,411,430,574,577
C:/AlliedRecording/cewka/cewka_60/Right/2022_04_26_15_58_08_210_cewka_60_Right.jpg,384,336,528,486
C:/AlliedRecording/cewka/cewka_60/Right/2022_04_26_15_58_21_610_cewka_60_Right.jpg,436,218,603,404
C:/AlliedRecording/cewka/cewka_60/Right/2022_04_26_15_58_24_835_cewka_60_Right.jpg,431,225,597,358
C:/AlliedRecording/cewka/cewka_60/Right/2022_04_26_15_58_28_592_cewka_60_Right.jpg,432,211,611,368
C:/AlliedRecording/cewka/cewka_60/Right/2022_04_26_15_58_31_652_cewka_60_Right.jpg,415,204,578,347
C:/AlliedRecording/cewka/cewka_60/Right/2022_04_26_15_58_39_759_cewka_60_Right.jpg,422,13,599,148
C:/AlliedRecording/cewka/cewka_60/Right/2022_04_26_15_58_43_354_cewka_60_Right.jpg,395,22,561,166
C:/AlliedRecording/cewka/cewka_60/Right/2022_04_26_15_58_45_829_cewka_60_Right.jpg,403,7,561,171
C:/AlliedRecording/cewka/cewka_60/Right/2022_04_26_15_58_49_186_cewka_60_Right.jpg,403,37,543,215
C:/AlliedRecording/cewka/cewka_60/Right/2022_04_26_15_59_07_380_cewka_60_Right.jpg,325,394,484,556
C:/AlliedRecording/cewka/cewka_60/Right/2022_04_26_15_59_11_980_cewka_60_Right.jpg,332,423,506,569
C:/AlliedRecording/cewka/cewka_60/Right/2022_04_26_15_59_14_799_cewka_60_Right.jpg,327,406,506,554
C:/AlliedRecording/cewka/cewka_60/Right/2022_04_26_15_59_18_275_cewka_60_Right.jpg,333,424,536,570
C:/AlliedRecording/cewka/cewka_60/Right/2022_04_26_15_59_25_265_cewka_60_Right.jpg,465,290,646,444
C:/AlliedRecording/cewka/cewka_60/Right/2022_04_26_15_59_29_233_cewka_60_Right.jpg,453,270,622,435
C:/AlliedRecording/cewka/cewka_60/Right/2022_04_26_15_59_34_872_cewka_60_Right.jpg,377,239,582,389
C:/AlliedRecording/cewka/cewka_60/Right/2022_04_26_15_59_38_979_cewka_60_Right.jpg,417,229,564,404
C:/AlliedRecording/cewka/cewka_60/Right/2022_04_26_16_00_06_814_cewka_60_Right.jpg,416,152,589,293
C:/AlliedRecording/cewka/cewka_60/Right/2022_04_26_16_00_11_376_cewka_60_Right.jpg,427,130,563,279
C:/AlliedRecording/cewka/cewka_60/Right/2022_04_26_16_00_14_345_cewka_60_Right.jpg,400,96,550,247
C:/AlliedRecording/cewka/cewka_60/Right/2022_04_26_16_00_17_664_cewka_60_Right.jpg,385,144,538,288
C:/AlliedRecording/cewka/cewka_60/Right/2022_04_26_16_00_28_015_cewka_60_Right.jpg,383,288,545,402
C:/AlliedRecording/cewka/cewka_60/Right/2022_04_26_16_00_32_553_cewka_60_Right.jpg,380,287,544,432
C:/AlliedRecording/cewka/cewka_60/Right/2022_04_26_16_00_35_809_cewka_60_Right.jpg,343,274,519,420
C:/AlliedRecording/cewka/cewka_60/Right/2022_04_26_16_00_38_746_cewka_60_Right.jpg,305,333,467,465
